{"avg_score":4.625,"avg_time":136.80305000000004,"avg_fifty_average":14119150029.78912,"avg_result_score":81}